{
  "mIoU": 0.8898596725693284,
  "PixelAcc": 0.9298594745570393,
  "argmax_mIoU": 0.9449235480710216,
  "argmax_mPrecision": 0.9769400450967098,
  "argmax_mRecall": 0.9649272812988086,
  "argmax_mFscore": 0.9708570395607679,
  "argmax_background_IoU": 0.9999874235727148,
  "argmax_target_IoU": 0.8898596725693284,
  "threshold_IoU": 0.8898596725693284,
  "threshold_nIoU": 0.8884632734773781,
  "threshold_F1": 0.9417203673747203,
  "threshold_Precision": 0.9538877547365782,
  "threshold_Recall": 0.9298594745570393,
  "threshold_PixelAcc": 0.9999874248504639,
  "paper_pixAcc": 0.9298594745570393,
  "paper_mIoU": 0.8898596725693284,
  "paper_PD": 0.9582004959263195,
  "paper_FA": 0.7266998291015625,
  "paper_FA_raw": 7.266998291015625e-07,
  "paper_FA_x1e6": 0.7266998291015625,
  "paper_FA_x1e7": 7.266998291015625,
  "loss": 0.07034989756345748,
  "threshold": 0.5,
  "postprocess": "none"
}