{
  "mIoU": 0.8914693761783206,
  "PixelAcc": 0.9327398097233133,
  "argmax_mIoU": 0.9457284838054321,
  "argmax_mPrecision": 0.9763532183313296,
  "argmax_mRecall": 0.9663673754409987,
  "argmax_mFscore": 0.971307397181743,
  "argmax_background_IoU": 0.9999875914325436,
  "argmax_target_IoU": 0.8914693761783206,
  "threshold_IoU": 0.8914693761783206,
  "threshold_nIoU": 0.888393756343194,
  "threshold_F1": 0.9426209986857076,
  "threshold_Precision": 0.9527137864631624,
  "threshold_Recall": 0.9327398097233133,
  "threshold_PixelAcc": 0.9999875926971435,
  "paper_pixAcc": 0.9327398097233133,
  "paper_mIoU": 0.8914693761783206,
  "paper_PD": 0.9569016412799622,
  "paper_FA": 0.4673004150390625,
  "paper_FA_raw": 4.673004150390625e-07,
  "paper_FA_x1e6": 0.4673004150390625,
  "paper_FA_x1e7": 4.673004150390625,
  "loss": 0.07021973442658783,
  "threshold": 0.5,
  "postprocess": "none"
}