{
  "mIoU": 0.9155918912154835,
  "PixelAcc": 0.9579471065724011,
  "argmax_mIoU": 0.9577911204643386,
  "argmax_mPrecision": 0.9769646390359652,
  "argmax_mRecall": 0.9789710257730997,
  "argmax_mFscore": 0.977965726358048,
  "argmax_background_IoU": 0.9999903497131937,
  "argmax_target_IoU": 0.9155918912154835,
  "threshold_IoU": 0.9155918912154835,
  "threshold_nIoU": 0.9179737566402557,
  "threshold_F1": 0.9559362778827812,
  "threshold_Precision": 0.9539338733789938,
  "threshold_Recall": 0.9579471065724011,
  "threshold_PixelAcc": 0.9999903507232666,
  "paper_pixAcc": 0.9579471065724011,
  "paper_mIoU": 0.9155918912154835,
  "paper_PD": 0.9865391427559334,
  "paper_FA": 0.5950927734375,
  "paper_FA_raw": 5.950927734375e-07,
  "paper_FA_x1e6": 0.5950927734375,
  "paper_FA_x1e7": 5.950927734375,
  "loss": 0.04684384288266301,
  "threshold": 0.5,
  "postprocess": "none"
}